Time,Voltage 2 (V),Current (mA)
2:38:37 PM,0.003,0.1
2:38:38 PM,0.003,0.1
2:38:39 PM,0.003,0.1
2:38:40 PM,0.003,0.1
2:38:41 PM,0.003,0.1
2:38:42 PM,0.003,0.1
2:38:43 PM,0.003,0.1
2:38:44 PM,0.003,0.1
2:38:45 PM,0.003,0.1
2:38:46 PM,0.003,0.1
2:38:47 PM,0.003,0.1
2:38:48 PM,0.003,0.1
2:38:49 PM,0.003,0.1
2:38:50 PM,0.003,0.1
2:38:51 PM,0.003,0.1
2:38:52 PM,0.0035,0.1
2:38:53 PM,0.003,0.2
2:38:54 PM,0.003,0.1
2:38:55 PM,0.003,0.1
2:38:56 PM,0.003,0.2
2:38:57 PM,0.003,0.1
2:38:58 PM,0.003,0.1
2:38:59 PM,0.003,0.2
2:39:00 PM,0.003,0.1
2:39:01 PM,0.003,0.1
2:39:02 PM,0.003,0.1
2:39:03 PM,0.003,0.1
2:39:04 PM,0.003,0.1
2:39:05 PM,0.003,0.1
2:39:06 PM,0.003,0.1
2:39:07 PM,0.003,0.2
2:39:08 PM,0.003,0.1
2:39:09 PM,0.003,0.1
2:39:10 PM,0.003,0.1
2:39:11 PM,0.0035,0.1
2:39:12 PM,0.003,0.1
2:39:13 PM,0.003,0.2
2:39:14 PM,0.003,0.1
2:39:15 PM,0.003,0.1
2:39:16 PM,0.003,0.1
2:39:17 PM,0.003,0.2
2:39:18 PM,0.003,0.1
2:39:19 PM,0.003,0.1
2:39:20 PM,0.003,0.1
2:39:21 PM,0.003,0.2
2:39:22 PM,0.003,0.1
2:39:23 PM,0.003,0.1
2:39:24 PM,0.003,0.1
2:39:25 PM,11.3335,0.2
2:39:26 PM,11.2985,586.7
2:39:27 PM,11.306,586.6
2:39:28 PM,11.3175,586.3
2:39:29 PM,11.281,583.7
2:39:30 PM,0.0035,582.8
2:39:31 PM,0.0035,0.6
2:39:32 PM,0.0035,0.3
2:39:33 PM,0.003,0.2
2:39:34 PM,0.003,0.2
2:39:35 PM,0.003,0.1
2:39:36 PM,0.003,0.2
2:39:37 PM,0.003,0.1
2:39:38 PM,0.003,0.2
2:39:39 PM,0.003,0.2
2:39:40 PM,0.003,0.2
2:39:41 PM,0.003,0.2
2:39:42 PM,0.003,0.2
2:39:43 PM,0.0035,0.1
2:39:44 PM,0.003,0.2
2:39:45 PM,0.003,0.1
2:39:46 PM,0.003,0.1
2:39:47 PM,0.003,0.1
2:39:48 PM,0.003,0.1
2:39:49 PM,0.003,0.1
2:39:50 PM,0.003,0.1
2:39:51 PM,0.003,0.1
2:39:52 PM,0.003,0.1
2:39:53 PM,0.003,0.1
2:39:54 PM,0.003,0.1
2:39:55 PM,0.003,0.1
2:39:56 PM,0.003,0.1
2:39:57 PM,0.003,0.1
2:39:58 PM,0.003,0.1
2:39:59 PM,0.003,0.2
2:40:00 PM,0.003,0.1
2:40:01 PM,0.003,0.1
2:40:02 PM,0.003,0.2
2:40:03 PM,0.003,0.1
2:40:04 PM,0.003,0.1
2:40:05 PM,0.0035,0.1
2:40:06 PM,0.003,0.1
2:40:07 PM,0.003,0.1
2:40:08 PM,0.003,0.1
2:40:09 PM,0.003,0.1
2:40:10 PM,0.003,0.1
2:40:11 PM,0.003,0.1
2:40:12 PM,0.003,0.1
2:40:13 PM,0.003,0.1
2:40:14 PM,0.003,0.1
2:40:15 PM,0.003,0.1
2:40:16 PM,0.003,0.1
2:40:17 PM,0.003,0.1
2:40:18 PM,0.003,0.1
2:40:19 PM,0.003,0.1
2:40:20 PM,0.003,0.1
2:40:21 PM,0.003,0.1
2:40:22 PM,0.003,0.1
2:40:23 PM,0.003,0.2
2:40:24 PM,0.003,0.1
2:40:25 PM,0.003,0.1
2:40:26 PM,0.003,0.1
2:40:27 PM,0.003,0.1
2:40:28 PM,0.003,0.1
2:40:29 PM,0.003,0.1
2:40:30 PM,0.003,0.1
2:40:31 PM,0.003,0.1
2:40:32 PM,0.003,0.1
2:40:33 PM,0.003,0.1
2:40:34 PM,0.003,0.1
2:40:35 PM,0.003,0.1
2:40:36 PM,0.003,0.1
2:40:37 PM,0.003,0.1
2:40:38 PM,0.003,0.1
2:40:39 PM,0.003,0.1
2:40:40 PM,0.003,0.1
2:40:41 PM,0.003,0.1
2:40:42 PM,0.003,0.1
2:40:43 PM,0.003,0.1
2:40:44 PM,0.003,0.1
2:40:45 PM,0.003,0.1
2:40:46 PM,0.003,0.1
2:40:47 PM,0.003,0.2
2:40:48 PM,0.003,0.1
2:40:49 PM,0.003,0.2
2:40:50 PM,0.003,0.1
2:40:51 PM,0.003,0.1
2:40:52 PM,0.003,0.1
2:40:53 PM,0.003,0.2
2:40:54 PM,0.003,0.1
2:40:55 PM,0.0035,0.2
2:40:56 PM,0.003,0.1
2:40:57 PM,0.003,0.1
2:40:58 PM,0.003,0.2
2:40:59 PM,0.003,0.2
2:41:00 PM,0.003,0.1
2:41:01 PM,0.003,0.1
2:41:02 PM,0.003,0.1
2:41:03 PM,0.003,0.1
2:41:04 PM,0.003,0.1
2:41:05 PM,11.348,0.1
2:41:06 PM,11.367,592.4
2:41:07 PM,11.3645,591.4
2:41:08 PM,11.3385,590
2:41:09 PM,11.3495,585.3
2:41:10 PM,11.3385,587.1
2:41:11 PM,0.0035,508.7
2:41:12 PM,0.0035,0.4
2:41:13 PM,0.0035,0.3
2:41:14 PM,0.0035,0.2
2:41:15 PM,0.0035,0.2
2:41:16 PM,0.0035,0.1
2:41:17 PM,0.0035,0.2
2:41:18 PM,0.0035,0.1
2:41:19 PM,0.0035,0.1
2:41:20 PM,0.0035,0.1
2:41:21 PM,0.0035,0.2
2:41:22 PM,0.0035,0.2
2:41:23 PM,0.0035,0.1
2:41:24 PM,0.0035,0.1
2:41:25 PM,0.0035,0.1
2:41:26 PM,0.0035,0.1
2:41:27 PM,0.0035,0.1
2:41:28 PM,0.003,0.1
2:41:29 PM,0.0035,0.1
2:41:30 PM,0.0035,0.1
2:41:31 PM,0.0035,0.2
2:41:32 PM,0.0035,0.2
2:41:33 PM,0.003,0.1
2:41:34 PM,0.0035,0.1
2:41:35 PM,0.0035,0.1
2:41:36 PM,0.0035,0.1
2:41:37 PM,0.003,0.1
2:41:38 PM,0.0035,0.1
2:41:39 PM,0.0035,0.1
2:41:40 PM,0.0035,0.1
2:41:41 PM,0.0035,0.1
2:41:42 PM,0.0035,0.2
2:41:43 PM,0.0035,0.1
2:41:44 PM,0.0035,0.1
2:41:45 PM,0.0035,0
2:41:46 PM,0.0035,0.1
2:41:47 PM,0.0035,0.1
2:41:48 PM,0.0035,0.2
2:41:49 PM,0.0035,0.1
2:41:50 PM,0.0035,0.2
2:41:51 PM,0.0035,0.1
2:41:52 PM,0.0035,0.1
2:41:53 PM,0.0035,0.1
2:41:54 PM,0.0035,0.1
2:41:55 PM,0.0035,0.1
2:41:56 PM,0.0035,0.2
2:41:57 PM,0.0035,0.1
2:41:58 PM,0.0035,0.1
2:41:59 PM,0.0035,0.1
2:42:00 PM,0.0035,0.1
2:42:01 PM,0.0035,0.1
2:42:02 PM,0.0035,0.1
2:42:03 PM,0.0035,0.1
2:42:04 PM,0.0035,0.1
2:42:05 PM,0.0035,0.1
2:42:06 PM,0.0035,0.1
2:42:07 PM,0.0035,0.1
2:42:08 PM,0.0035,0.1
2:42:09 PM,0.0035,0.1
2:42:10 PM,0.0035,0.1
2:42:11 PM,0.0035,0.1
2:42:12 PM,0.0035,0.1
2:42:13 PM,0.0035,0.1
2:42:14 PM,0.0035,0.1
2:42:15 PM,0.0035,0.2
2:42:16 PM,0.0035,0.1
2:42:17 PM,0.0035,0.2
2:42:18 PM,0.0035,0.2
2:42:19 PM,0.0035,0.1
2:42:20 PM,0.0035,0.2
2:42:21 PM,0.0035,0.1
2:42:22 PM,0.0035,0.1
2:42:23 PM,0.0035,0.1
2:42:24 PM,0.0035,0.1
2:42:25 PM,0.0035,0.1
2:42:26 PM,0.003,0.1
2:42:27 PM,0.0035,0.2
2:42:28 PM,0.0035,0.1
2:42:29 PM,0.0035,0.1
2:42:30 PM,0.0035,0.2
2:42:31 PM,0.0035,0.1
2:42:32 PM,0.0035,0.1
2:42:33 PM,0.0035,0.1
2:42:34 PM,0.0035,0.1
2:42:35 PM,0.0035,0.2
2:42:36 PM,0.0035,0.2
2:42:37 PM,0.0035,0.2
2:42:38 PM,0.0035,0.1
2:42:39 PM,0.0035,0.1
2:42:40 PM,0.0035,0.1
2:42:41 PM,0.0035,0.1
2:42:42 PM,0.0035,0.1
2:42:43 PM,0.0035,0.1
2:42:44 PM,0.0035,0.1
2:42:45 PM,0.0035,0.2
2:42:46 PM,0.0035,0.1
2:42:47 PM,0.0035,0.1
2:42:48 PM,0.0035,0.2
2:42:49 PM,11.293,0.1
2:42:50 PM,11.3145,583.9
2:42:51 PM,11.304,587.2
2:42:52 PM,11.303,586.7
2:42:53 PM,11.294,583.7
2:42:54 PM,11.291,584.4
2:42:55 PM,0.003,585
2:42:56 PM,0.003,0.4
2:42:57 PM,0.003,0.3
2:42:58 PM,0.003,0.2
2:42:59 PM,0.003,0.2
2:43:00 PM,0.003,0.2
2:43:01 PM,0.003,0.2
2:43:02 PM,0.003,0.1
2:43:03 PM,0.003,0.1
2:43:04 PM,0.003,0.1
2:43:05 PM,0.003,0.1
2:43:06 PM,0.003,0.1
2:43:07 PM,0.003,0.1
2:43:08 PM,0.003,0.1
2:43:09 PM,0.003,0.1
2:43:10 PM,0.003,0.2
2:43:11 PM,0.003,0.1
2:43:12 PM,0.003,0.1
2:43:13 PM,0.003,0.1
2:43:14 PM,0.003,0.1
2:43:15 PM,0.003,0.2
2:43:16 PM,0.003,0.1
2:43:17 PM,0.003,0.1
2:43:18 PM,0.003,0.1
2:43:19 PM,0.003,0.2
2:43:20 PM,0.003,0.1
2:43:21 PM,0.003,0.1
2:43:22 PM,0.003,0.1
2:43:23 PM,0.003,0.1
2:43:24 PM,0.003,0.1
2:43:25 PM,0.003,0.1
2:43:26 PM,0.003,0.1
2:43:27 PM,0.003,0.1
2:43:28 PM,0.003,0.2
2:43:29 PM,0.003,0.2
2:43:30 PM,0.003,0.1
2:43:31 PM,0.003,0.1
2:43:32 PM,0.003,0.1
2:43:33 PM,0.003,0.2
2:43:34 PM,0.003,0.1
2:43:35 PM,0.003,0.1
2:43:36 PM,0.003,0.1
2:43:37 PM,0.003,0.1
2:43:38 PM,0.003,0.1
2:43:39 PM,0.0035,0.1
2:43:40 PM,0.003,0.1
2:43:41 PM,0.003,0.1
2:43:42 PM,0.003,0.2
2:43:43 PM,0.003,0.1
2:43:44 PM,0.003,0.2
2:43:45 PM,0.003,0.1
2:43:46 PM,0.003,0.1
2:43:47 PM,0.003,0.1
2:43:48 PM,0.003,0.2
2:43:49 PM,0.003,0.1
2:43:50 PM,0.003,0.1
2:43:51 PM,0.003,0.1
2:43:52 PM,0.003,0.1
2:43:53 PM,0.003,0.1
2:43:54 PM,0.003,0.1
2:43:55 PM,0.003,0.2
2:43:56 PM,0.003,0.1
2:43:57 PM,0.003,0.2
2:43:58 PM,0.003,0.1
2:43:59 PM,0.0035,0.1
2:44:00 PM,0.003,0.2
2:44:01 PM,0.003,0.1
2:44:02 PM,0.003,0.2
2:44:03 PM,0.003,0.1
2:44:04 PM,0.003,0.2
2:44:05 PM,0.003,0.1
2:44:06 PM,0.003,0.1
2:44:07 PM,0.003,0.2
2:44:08 PM,0.003,0.1
2:44:09 PM,0.003,0.1
2:44:10 PM,0.003,0.1
2:44:11 PM,0.003,0.1
2:44:12 PM,0.003,0.1
2:44:13 PM,0.003,0.1
2:44:14 PM,0.003,0.2
2:44:15 PM,0.003,0.1
2:44:16 PM,0.003,0.1
2:44:17 PM,0.003,0.1
2:44:18 PM,0.003,0.1
2:44:19 PM,0.003,0.2
2:44:20 PM,0.003,0.1
2:44:21 PM,0.003,0.1
2:44:22 PM,0.003,0.1
2:44:23 PM,0.003,0.1
2:44:24 PM,0.003,0.1
2:44:25 PM,0.003,0.1
2:44:26 PM,0.003,0.1
2:44:27 PM,0.003,0.2
2:44:28 PM,0.003,0.1
2:44:29 PM,0.003,0.1
2:44:30 PM,0.003,0.1
2:44:31 PM,0.003,0.1
2:44:32 PM,0.003,0.1
2:44:33 PM,0.003,0.2
2:44:34 PM,11.268,0.1
2:44:35 PM,11.268,585.3
2:44:36 PM,11.2655,584.7
2:44:37 PM,11.265,584.7
2:44:38 PM,11.2695,584.1
2:44:39 PM,11.269,583.1
2:44:40 PM,0.003,580.6
2:44:41 PM,0.003,0.4
2:44:42 PM,0.003,0.2
2:44:43 PM,0.003,0.2
2:44:44 PM,0.003,0.2
2:44:45 PM,0.003,0.1
2:44:46 PM,0.003,0.2
2:44:47 PM,0.003,0.1
2:44:48 PM,0.003,0.1
2:44:49 PM,0.003,0.1
2:44:50 PM,0.003,0.2
2:44:51 PM,0.003,0.1
2:44:52 PM,0.0035,0.2
2:44:53 PM,0.003,0.1
2:44:54 PM,0.003,0.1
2:44:55 PM,0.003,0.2
2:44:56 PM,0.003,0.2
2:44:57 PM,0.003,0.2
2:44:58 PM,0.003,0.1
2:44:59 PM,0.003,0.1
2:45:00 PM,0.003,0.1
2:45:01 PM,0.003,0.1
2:45:02 PM,0.003,0.1
2:45:03 PM,0.003,0.1
2:45:04 PM,0.003,0.1
2:45:05 PM,0.003,0.1
2:45:06 PM,0.003,0.1
2:45:07 PM,0.003,0.1
2:45:08 PM,0.003,0.1
2:45:09 PM,0.003,0.1
2:45:10 PM,0.003,0.1
2:45:11 PM,0.003,0.1
2:45:12 PM,0.003,0.1
2:45:13 PM,0.003,0.1
2:45:14 PM,0.003,0.1
2:45:15 PM,0.003,0.1
2:45:16 PM,0.003,0.2
2:45:17 PM,0.003,0.1
2:45:18 PM,0.003,0.1
2:45:19 PM,0.003,0.1
2:45:20 PM,0.003,0.1
2:45:21 PM,0.003,0.1
2:45:22 PM,0.003,0.1
2:45:23 PM,0.003,0.1
2:45:24 PM,0.003,0.1
2:45:25 PM,0.003,0.1
2:45:26 PM,0.003,0.1
2:45:27 PM,0.003,0.1
2:45:28 PM,0.003,0.1
2:45:29 PM,0.003,0.1
2:45:30 PM,0.003,0.1
2:45:31 PM,0.003,0.1
2:45:32 PM,0.003,0.1
2:45:33 PM,0.003,0.1
2:45:34 PM,0.003,0.2
2:45:35 PM,0.003,0.1
2:45:36 PM,0.003,0.1
2:45:37 PM,0.003,0.2
2:45:38 PM,0.003,0.1
2:45:39 PM,0.003,0.1
2:45:40 PM,0.003,0.1
2:45:41 PM,0.003,0.1
2:45:42 PM,0.003,0.1
2:45:43 PM,0.003,0.1
2:45:44 PM,0.003,0.1
2:45:45 PM,0.003,0.1
2:45:46 PM,0.003,0.1
2:45:47 PM,0.003,0.1
2:45:48 PM,0.003,0.1
2:45:49 PM,0.003,0.1
2:45:50 PM,0.003,0.1
2:45:51 PM,0.003,0.1
2:45:52 PM,0.003,0.1
2:45:53 PM,0.003,0.1
2:45:54 PM,0.003,0.1
2:45:55 PM,0.003,0.1
2:45:56 PM,0.003,0.1
2:45:57 PM,0.003,0.1
2:45:58 PM,0.003,0.1
2:45:59 PM,0.003,0.1
2:46:00 PM,0.003,0.1
2:46:01 PM,0.0035,0.1
2:46:02 PM,0.003,0.1
2:46:03 PM,0.003,0.1
2:46:04 PM,0.0035,0.1
2:46:05 PM,0.003,0.1
2:46:06 PM,0.003,0.1
2:46:07 PM,0.003,0.1
2:46:08 PM,0.003,0.1
2:46:09 PM,0.003,0.1
2:46:10 PM,0.003,0.1
2:46:11 PM,0.003,0.2
2:46:12 PM,0.003,0.1
2:46:13 PM,0.003,0.1
2:46:14 PM,0.003,0.1
2:46:15 PM,0.003,0.1
2:46:16 PM,0.003,0.1
2:46:17 PM,0.003,0.1
2:46:18 PM,0.003,0.2
2:46:19 PM,0.003,0.2
2:46:20 PM,0.003,0.1
2:46:21 PM,0.003,0.1
2:46:22 PM,11.248,0.2
2:46:23 PM,11.2615,585
2:46:24 PM,11.2545,581
2:46:25 PM,11.25,583.8
2:46:26 PM,10.6615,581.2
2:46:27 PM,0.003,568.6
2:46:28 PM,0.003,0.3
2:46:29 PM,0.003,0.2
2:46:30 PM,0.003,0.2
2:46:31 PM,0.003,0.1
2:46:32 PM,0.003,0.2
2:46:33 PM,0.003,0.1
2:46:34 PM,0.003,0.1
2:46:35 PM,0.003,0.1
2:46:36 PM,0.003,0.1
2:46:37 PM,0.003,0.1
2:46:38 PM,0.003,0.1
2:46:39 PM,0.003,0.1
2:46:40 PM,0.003,0.1
2:46:41 PM,0.003,0.2
2:46:42 PM,0.003,0.1
2:46:43 PM,0.003,0.1
2:46:44 PM,0.003,0.2
2:46:45 PM,0.003,0.1
2:46:46 PM,0.003,0.1
2:46:47 PM,0.003,0.1
2:46:48 PM,0.003,0.1
2:46:49 PM,0.003,0.1
2:46:50 PM,0.003,0.1
2:46:51 PM,0.003,0.1
2:46:52 PM,0.003,0.1
2:46:53 PM,0.003,0.1
2:46:54 PM,0.003,0.1
2:46:55 PM,0.003,0.2
2:46:56 PM,0.003,0.2
2:46:57 PM,0.003,0.1
2:46:58 PM,0.003,0.2
2:46:59 PM,0.003,0.1
2:47:00 PM,0.003,0.1
2:47:01 PM,0.003,0.2
2:47:02 PM,0.003,0.1
2:47:03 PM,0.003,0.1
2:47:04 PM,0.003,0.2
2:47:05 PM,0.003,0.1
2:47:06 PM,0.003,0.1
2:47:07 PM,0.003,0.1
2:47:08 PM,0.003,0.2
2:47:09 PM,0.003,0.1
2:47:10 PM,0.003,0.1
2:47:11 PM,0.003,0.1
2:47:12 PM,0.003,0.1
2:47:13 PM,0.003,0.2
2:47:14 PM,0.003,0.1
2:47:15 PM,0.003,0.1
2:47:16 PM,0.003,0.2
2:47:17 PM,0.003,0.1
2:47:18 PM,0.003,0.2
2:47:19 PM,0.003,0.1
2:47:20 PM,0.003,0.1
2:47:21 PM,0.003,0.1
2:47:22 PM,0.003,0.1
2:47:23 PM,0.003,0.1
2:47:24 PM,0.003,0.2
2:47:25 PM,0.003,0.1
2:47:26 PM,0.003,0.1
2:47:27 PM,0.003,0.1
2:47:28 PM,0.003,0.1
2:47:29 PM,0.003,0.1
2:47:30 PM,0.003,0.2
2:47:31 PM,0.003,0.1
2:47:32 PM,0.003,0.1
2:47:33 PM,0.003,0.1
2:47:34 PM,0.003,0.2
2:47:35 PM,0.003,0.1
2:47:36 PM,0.003,0.2
2:47:37 PM,0.003,0.1
2:47:38 PM,0.003,0.1
2:47:39 PM,0.003,0.1
2:47:40 PM,0.003,0.1
2:47:41 PM,0.003,0.1
2:47:42 PM,0.003,0.1
2:47:43 PM,0.003,0.1
2:47:44 PM,0.003,0.1
2:47:45 PM,0.003,0.1
2:47:46 PM,0.003,0.1
2:47:47 PM,0.003,0.1
2:47:48 PM,0.003,0
2:47:49 PM,0.003,0.1
2:47:50 PM,0.003,0.1
2:47:51 PM,0.003,0.1
2:47:52 PM,0.003,0.1
2:47:53 PM,0.003,0.1
2:47:54 PM,0.003,0.1
2:47:55 PM,0.003,0.1
2:47:56 PM,0.003,0.1
2:47:57 PM,0.003,0.1
2:47:58 PM,0.003,0.1
2:47:59 PM,0.003,0.1
2:48:00 PM,0.003,0.1
2:48:01 PM,0.003,0
2:48:02 PM,0.003,0.1
2:48:03 PM,11.2325,0.1
2:48:04 PM,11.2565,289.7
2:48:05 PM,11.2485,584.9
2:48:06 PM,11.253,584.8
2:48:07 PM,11.2415,584.8
2:48:08 PM,11.238,583.6
2:48:09 PM,0.003,580.3
2:48:10 PM,0.003,0.4
2:48:11 PM,0.003,0.3
2:48:12 PM,0.003,0.1
2:48:13 PM,0.003,0.2
2:48:14 PM,0.003,0.2
2:48:15 PM,0.003,0.2
2:48:16 PM,0.003,0.1
2:48:17 PM,0.003,0.1
2:48:18 PM,0.003,0.1
2:48:19 PM,0.0035,0.1
2:48:20 PM,0.003,0.1
2:48:21 PM,0.003,0.1
2:48:22 PM,0.003,0.1
2:48:23 PM,0.003,0.1
2:48:24 PM,0.003,0.1
2:48:25 PM,0.003,0.1
2:48:26 PM,0.003,0.1
2:48:27 PM,0.003,0.1
2:48:28 PM,0.003,0.2
2:48:29 PM,0.003,0.1
2:48:30 PM,0.003,0.2
2:48:31 PM,0.003,0.1
2:48:32 PM,0.003,0.1
2:48:33 PM,0.003,0.1
2:48:34 PM,0.003,0.1
2:48:35 PM,0.003,0.1
2:48:36 PM,0.003,0.1
2:48:37 PM,0.003,0.1
2:48:38 PM,0.0035,0.1
2:48:39 PM,0.003,0.1
2:48:40 PM,0.003,0.1
2:48:41 PM,0.003,0.1
2:48:42 PM,0.003,0.1
2:48:43 PM,0.003,0.1
2:48:44 PM,0.003,0.1
2:48:45 PM,0.003,0.1
2:48:46 PM,0.003,0.2
2:48:47 PM,0.003,0.1
2:48:48 PM,0.003,0.1
2:48:49 PM,0.003,0.1
2:48:50 PM,0.003,0
2:48:51 PM,0.003,0.1
2:48:52 PM,0.003,0.1
2:48:53 PM,0.003,0.1
2:48:54 PM,0.003,0.1
2:48:55 PM,0.003,0.1
2:48:56 PM,0.003,0.1
2:48:57 PM,0.003,0.1
2:48:58 PM,0.003,0.1
2:48:59 PM,0.003,0.1
2:49:00 PM,0.003,0.1
2:49:01 PM,0.003,0.1
2:49:02 PM,0.003,0.1
2:49:03 PM,0.003,0.1
2:49:04 PM,0.003,0.1
2:49:05 PM,0.0035,0.1
2:49:06 PM,0.003,0.1
2:49:07 PM,0.003,0.1
2:49:08 PM,0.003,0.1
2:49:09 PM,0.003,0.1
2:49:10 PM,0.003,0.1
2:49:11 PM,0.003,0.1
2:49:12 PM,0.003,0.1
2:49:13 PM,0.003,0.1
2:49:14 PM,0.003,0.1
2:49:15 PM,0.003,0.1
2:49:16 PM,0.003,0.1
2:49:17 PM,0.003,0.1
2:49:18 PM,0.003,0.1
2:49:19 PM,0.003,0.1
2:49:20 PM,0.003,0.1
2:49:21 PM,0.003,0.1
2:49:22 PM,0.003,0.1
2:49:23 PM,0.003,0.1
2:49:24 PM,0.003,0.1
2:49:25 PM,0.003,0.1
2:49:26 PM,0.003,0.1
2:49:27 PM,0.0035,0.1
2:49:28 PM,0.003,0.1
2:49:29 PM,0.003,0.1
2:49:30 PM,0.003,0
2:49:31 PM,0.003,0.1
2:49:32 PM,0.003,0.1
2:49:33 PM,0.003,0.1
2:49:34 PM,0.003,0.1
2:49:35 PM,0.003,0.1
2:49:36 PM,0.003,0.1
2:49:37 PM,0.003,0.1
2:49:38 PM,0.003,0.1
2:49:39 PM,0.003,0.1
2:49:40 PM,0.003,0.1
2:49:41 PM,0.003,0.1
2:49:42 PM,0.003,0.1
2:49:43 PM,0.003,0.1
2:49:44 PM,0.003,0.1
2:49:45 PM,0.003,0.1
2:49:46 PM,0.003,0.1
2:49:47 PM,0.003,0.1
2:49:48 PM,0.003,0.2
2:49:49 PM,0.003,0.1
2:49:50 PM,0.003,0.2
2:49:51 PM,0.003,0.1
2:49:52 PM,0.003,0.1
2:49:53 PM,0.003,0.1
2:49:54 PM,0.003,0.1
2:49:55 PM,11.2505,0.1
2:49:56 PM,11.2465,583.7
2:49:57 PM,11.236,583.5
2:49:58 PM,11.2325,582.7
2:49:59 PM,11.227,582.5
2:50:00 PM,0.003,581.5
2:50:01 PM,0.003,0.7
2:50:02 PM,0.0035,0.2
2:50:03 PM,0.0035,0.2
2:50:04 PM,0.003,0.1
2:50:05 PM,0.003,0.2
2:50:06 PM,0.003,0.1
2:50:07 PM,0.003,0.1
2:50:08 PM,0.003,0.2
2:50:09 PM,0.003,0.1
2:50:10 PM,0.003,0.1
2:50:11 PM,0.003,0.1
2:50:12 PM,0.003,0.1
2:50:13 PM,0.003,0.2
2:50:14 PM,0.003,0.1
2:50:15 PM,0.003,0.1
2:50:16 PM,0.003,0.1
2:50:17 PM,0.0035,0.1
2:50:18 PM,0.003,0.1
2:50:19 PM,0.003,0.1
2:50:20 PM,0.003,0.1
2:50:21 PM,0.003,0.1
2:50:22 PM,0.003,0.1
2:50:23 PM,0.0035,0.1
2:50:24 PM,0.003,0.1
2:50:25 PM,0.003,0.1
2:50:26 PM,0.003,0.1
2:50:27 PM,0.003,0.1
2:50:28 PM,0.003,0
2:50:29 PM,0.003,0.1
2:50:30 PM,0.003,0.1
2:50:31 PM,0.003,0.1
2:50:32 PM,0.0035,0.1
2:50:33 PM,0.003,0.1
2:50:34 PM,0.0035,0.1
2:50:35 PM,0.003,0.1
2:50:36 PM,0.003,0.1
2:50:37 PM,0.003,0.1
2:50:38 PM,0.003,0.1
2:50:39 PM,0.0035,0.1
2:50:40 PM,0.003,0.1
2:50:41 PM,0.003,0.1
2:50:42 PM,0.003,0.1
2:50:43 PM,0.003,0.1
2:50:44 PM,0.003,0.1
2:50:45 PM,0.003,0.1
2:50:46 PM,0.003,0.1
2:50:47 PM,0.003,0.1
2:50:48 PM,0.0035,0.1
2:50:49 PM,0.003,0.1
2:50:50 PM,0.003,0.1
2:50:51 PM,0.003,0.1
2:50:52 PM,0.0035,0.1
2:50:53 PM,0.003,0.1
2:50:54 PM,0.003,0.1
2:50:55 PM,0.003,0.1
2:50:56 PM,0.0035,0.1
2:50:57 PM,0.0035,0.1
2:50:58 PM,0.0035,0.1
2:50:59 PM,0.0035,0.1
2:51:00 PM,0.003,0.1
2:51:01 PM,0.003,0.1
2:51:02 PM,0.0035,0.1
2:51:03 PM,0.003,0.1
2:51:04 PM,0.0035,0.1
2:51:05 PM,0.003,0.1
2:51:06 PM,0.003,0.1
2:51:07 PM,0.0035,0.1
2:51:08 PM,0.003,0.1
2:51:09 PM,0.0035,0.1
2:51:10 PM,0.0035,0.1
2:51:11 PM,0.003,0.1
2:51:12 PM,0.003,0.1
2:51:13 PM,0.003,0.1
2:51:14 PM,0.003,0.1
2:51:15 PM,0.0035,0.1
2:51:16 PM,0.003,0
2:51:17 PM,0.0035,0.1
2:51:18 PM,0.0035,0.2
2:51:19 PM,0.003,0.1
2:51:20 PM,0.003,0.1
2:51:21 PM,0.003,0.1
2:51:22 PM,0.003,0.1
2:51:23 PM,0.0035,0.1
2:51:24 PM,0.003,0.1
2:51:25 PM,0.003,0.1
2:51:26 PM,0.003,0.1
2:51:27 PM,0.0035,0.1
2:51:28 PM,0.003,0.1
2:51:29 PM,0.003,0.1
2:51:30 PM,0.003,0.1
2:51:31 PM,0.0035,0.1
2:51:32 PM,0.0035,0.1
2:51:33 PM,0.0035,0.1
2:51:34 PM,0.003,0.1
2:51:35 PM,0.003,0.1
2:51:36 PM,0.003,0.1
2:51:37 PM,0.003,0.1
2:51:38 PM,0.003,0.1
2:51:39 PM,0.0035,0.1
2:51:40 PM,0.003,0.1
2:51:41 PM,0.003,0.1
2:51:42 PM,0.003,0.1
2:51:43 PM,0.003,0.1
2:51:44 PM,0.003,0.1
2:51:45 PM,0.003,0.1
2:51:46 PM,0.003,0.1
2:51:47 PM,0.003,0.1
2:51:48 PM,11.1905,0.1
2:51:49 PM,11.2215,580.1
2:51:50 PM,11.2135,582.1
2:51:51 PM,11.213,581.4
2:51:52 PM,11.211,576.8
2:51:53 PM,0.003,581.9
2:51:54 PM,0.003,0.4
2:51:55 PM,0.003,0.2
2:51:56 PM,0.003,0.2
2:51:57 PM,0.003,0.1
2:51:58 PM,0.003,0.1
2:51:59 PM,0.003,0.1
2:52:00 PM,0.003,0.2
2:52:01 PM,0.003,0.1
2:52:02 PM,0.003,0.1
2:52:03 PM,0.003,0.1
2:52:04 PM,0.003,0.1
2:52:05 PM,0.003,0.1
2:52:06 PM,0.003,0.1
2:52:07 PM,0.003,0.2
2:52:08 PM,0.003,0.1
2:52:09 PM,0.003,0.1
2:52:10 PM,0.003,0.1
2:52:11 PM,0.003,0.1
2:52:12 PM,0.003,0.1
2:52:13 PM,0.003,0.1
2:52:14 PM,0.003,0.1
2:52:15 PM,0.003,0.1
2:52:16 PM,0.0035,0.1
2:52:17 PM,0.003,0.1
2:52:18 PM,0.003,0.1
2:52:19 PM,0.003,0.1
2:52:20 PM,0.003,0.1
2:52:21 PM,0.003,0.1
2:52:22 PM,0.003,0.1
2:52:23 PM,0.003,0.1
2:52:24 PM,0.003,0.1
2:52:25 PM,0.003,0.1
2:52:26 PM,0.003,0.1
2:52:27 PM,0.003,0.1
2:52:28 PM,0.003,0.1
2:52:29 PM,0.003,0.1
2:52:30 PM,0.003,0.1
2:52:31 PM,0.003,0.1
2:52:32 PM,0.003,0.1
2:52:33 PM,0.003,0.1
2:52:34 PM,0.003,0.1
2:52:35 PM,0.003,0.2
2:52:36 PM,0.003,0.1
2:52:37 PM,0.003,0.1
2:52:38 PM,0.003,0.1
2:52:39 PM,0.003,0.1
2:52:40 PM,0.003,0.1
2:52:41 PM,0.003,0.2
2:52:42 PM,0.003,0.1
2:52:43 PM,0.003,0.1
2:52:44 PM,0.003,0.1
2:52:45 PM,0.003,0.1
2:52:46 PM,0.003,0.1
2:52:47 PM,0.003,0.1
2:52:48 PM,0.003,0.1
2:52:49 PM,0.003,0.1
2:52:50 PM,0.003,0.1
2:52:51 PM,0.003,0.1
2:52:52 PM,0.003,0.1
2:52:53 PM,0.003,0.1
2:52:54 PM,0.003,0.1
2:52:55 PM,0.003,0.1
2:52:56 PM,0.003,0.1
2:52:57 PM,0.003,0.1
2:52:58 PM,0.003,0.1
2:52:59 PM,0.003,0.1
2:53:00 PM,0.003,0.1
2:53:01 PM,0.003,0.1
2:53:02 PM,0.003,0.1
2:53:03 PM,0.003,0.1
2:53:04 PM,0.003,0.1
2:53:05 PM,0.003,0.1
2:53:06 PM,0.003,0
2:53:07 PM,0.003,0.1
2:53:08 PM,0.003,0.1
2:53:09 PM,0.003,0.1
2:53:10 PM,0.003,0.1
2:53:11 PM,0.003,0.1
2:53:12 PM,0.003,0.1
2:53:13 PM,0.003,0.1
2:53:14 PM,0.003,0.1
2:53:15 PM,0.003,0.1
2:53:16 PM,0.003,0.2
2:53:17 PM,0.003,0.1
2:53:18 PM,0.003,0.1
2:53:19 PM,0.003,0.1
2:53:20 PM,0.003,0.1
2:53:21 PM,0.003,0.1
2:53:22 PM,0.003,0.1
2:53:23 PM,0.003,0.1
2:53:24 PM,0.003,0.1
2:53:25 PM,0.003,0.1
2:53:26 PM,0.003,0.2
2:53:27 PM,0.003,0.1
2:53:28 PM,0.003,0.1
2:53:29 PM,0.003,0.1
2:53:30 PM,0.003,0.1
2:53:31 PM,0.003,0.1
2:53:32 PM,0.003,0.1
2:53:33 PM,11.1895,0.1
2:53:34 PM,11.188,582.7
2:53:35 PM,11.186,582.8
2:53:36 PM,11.183,582.1
2:53:37 PM,11.1835,581.7
2:53:38 PM,0.003,581
2:53:39 PM,0.003,0.9
2:53:40 PM,0.003,0.2
2:53:41 PM,0.003,0.2
2:53:42 PM,0.003,0.2
2:53:43 PM,0.003,0.2
2:53:44 PM,0.003,0.1
2:53:45 PM,0.003,0.1
2:53:46 PM,0.003,0.1
2:53:47 PM,0.003,0.1
2:53:48 PM,0.003,0.1
2:53:49 PM,0.003,0.1
2:53:50 PM,0.003,0.1
2:53:51 PM,0.003,0.1
2:53:52 PM,0.003,0.1
2:53:53 PM,0.003,0.1
2:53:54 PM,0.003,0.1
2:53:55 PM,0.003,0.1
2:53:56 PM,0.003,0.1
2:53:57 PM,0.003,0.1
2:53:58 PM,0.0035,0.1
2:53:59 PM,0.0035,0.1
2:54:00 PM,0.0035,0.1
2:54:01 PM,0.0035,0.1
2:54:02 PM,0.0035,0.1
2:54:03 PM,0.003,0
2:54:04 PM,0.0035,0.1
2:54:05 PM,0.003,0.1
2:54:06 PM,0.003,0.1
2:54:07 PM,0.003,0.1
2:54:08 PM,0.003,0.1
2:54:09 PM,0.0035,0.2
2:54:10 PM,0.003,0.1
2:54:11 PM,0.003,0.1
2:54:12 PM,0.0035,0.1
2:54:13 PM,0.003,0.1
2:54:14 PM,0.0035,0.2
2:54:15 PM,0.003,0.1
2:54:16 PM,0.0035,0.2
2:54:17 PM,0.003,0.1
2:54:18 PM,0.003,0.1
2:54:19 PM,0.003,0.1
2:54:20 PM,0.003,0.1
2:54:21 PM,0.003,0.1
2:54:22 PM,0.003,0.1
2:54:23 PM,0.003,0.1
2:54:24 PM,0.003,0.1
2:54:25 PM,0.003,0.1
2:54:26 PM,0.003,0.1
2:54:27 PM,0.003,0.1
2:54:28 PM,0.003,0.1
2:54:29 PM,0.003,0.1
2:54:30 PM,0.003,0.1
2:54:31 PM,0.003,0.1
2:54:32 PM,0.003,0.1
2:54:33 PM,0.0035,0.1
2:54:34 PM,0.003,0.1
2:54:35 PM,0.003,0
2:54:36 PM,0.003,0.1
2:54:37 PM,0.003,0.1
2:54:38 PM,0.003,0.1
2:54:39 PM,0.003,0.1
2:54:40 PM,0.003,0.1
2:54:41 PM,0.003,0.1
2:54:42 PM,0.003,0.1
2:54:43 PM,0.003,0.1
2:54:44 PM,0.003,0.1
2:54:45 PM,0.0035,0.1
2:54:46 PM,0.003,0.1
2:54:47 PM,0.003,0.1
2:54:48 PM,0.003,0.1
2:54:49 PM,0.003,0.2
2:54:50 PM,0.0035,0.1
2:54:51 PM,0.0035,0.1
2:54:52 PM,0.003,0.1
2:54:53 PM,0.003,0.1
2:54:54 PM,0.003,0.1
2:54:55 PM,0.003,0.1
2:54:56 PM,0.003,0
2:54:57 PM,0.003,0.1
2:54:58 PM,0.003,0.1
2:54:59 PM,0.003,0.1
2:55:00 PM,0.003,0.1
2:55:01 PM,0.003,0.1
2:55:02 PM,0.003,0.1
2:55:03 PM,0.003,0.1
2:55:04 PM,0.0035,0.1
2:55:05 PM,0.0035,0.1
2:55:06 PM,0.003,0.1
2:55:07 PM,0.0035,0.1
2:55:08 PM,0.003,0.1
2:55:09 PM,0.003,0.1
2:55:10 PM,0.003,0.1
2:55:11 PM,0.003,0.1
2:55:12 PM,0.003,0.1
2:55:13 PM,0.003,0.1
2:55:14 PM,0.003,0.1
2:55:15 PM,0.003,0.1
2:55:16 PM,0.0035,0.1
2:55:17 PM,0.003,0.1
2:55:18 PM,0.003,0.1
2:55:19 PM,0.0035,0.1
2:55:20 PM,0.0035,0.1
2:55:21 PM,0.003,0.1
2:55:22 PM,0.003,0.1
2:55:23 PM,0.0035,0.1
2:55:24 PM,0.0035,0.2
2:55:25 PM,0.0035,0.1
2:55:26 PM,0.003,0.1
2:55:27 PM,0.003,0.1
2:55:28 PM,0.003,0.1
2:55:29 PM,0.003,0.1
2:55:30 PM,11.165,0.1
2:55:31 PM,11.19,579.7
2:55:32 PM,11.1895,581.3
2:55:33 PM,11.1955,581.4
2:55:34 PM,11.197,580.6
2:55:35 PM,0.0035,579.4
2:55:36 PM,0.003,0.5
2:55:37 PM,0.0035,0.3
2:55:38 PM,0.0035,0.1
2:55:39 PM,0.003,0.2
2:55:40 PM,0.0035,0.1
2:55:41 PM,0.003,0.1
2:55:42 PM,0.003,0.1
2:55:43 PM,0.003,0.2
2:55:44 PM,0.0035,0.1
2:55:45 PM,0.003,0.1
2:55:46 PM,0.003,0.1
2:55:47 PM,0.003,0.1
2:55:48 PM,0.0035,0.1
2:55:49 PM,0.003,0.1
2:55:50 PM,0.0035,0.1
2:55:51 PM,0.003,0.1
2:55:52 PM,0.0035,0.1
2:55:53 PM,0.003,0.1
2:55:54 PM,0.0035,0.1
2:55:55 PM,0.003,0.1
2:55:56 PM,0.003,0.1
2:55:57 PM,0.003,0.1
2:55:58 PM,0.003,0.1
2:55:59 PM,0.003,0.1
2:56:00 PM,0.003,0.1
2:56:01 PM,0.003,0.1
2:56:02 PM,0.003,0.1
2:56:03 PM,0.0035,0.1
2:56:04 PM,0.003,0.1
2:56:05 PM,0.003,0.1
2:56:06 PM,0.0035,0.1
2:56:07 PM,0.003,0.1
2:56:08 PM,0.003,0.1
2:56:09 PM,0.003,0.1
2:56:10 PM,0.003,0.1
2:56:11 PM,0.003,0.1
2:56:12 PM,0.0035,0.1
2:56:13 PM,0.003,0.1
2:56:14 PM,0.003,0.1
2:56:15 PM,0.003,0.1
2:56:16 PM,0.003,0.1
2:56:17 PM,0.003,0.1
2:56:18 PM,0.003,0.1
2:56:19 PM,0.0035,0
2:56:20 PM,0.003,0.1
2:56:21 PM,0.003,0.1
2:56:22 PM,0.003,0.1
2:56:23 PM,0.003,0.1
2:56:24 PM,0.003,0.1
2:56:25 PM,0.003,0.2
2:56:26 PM,0.003,0.1
2:56:27 PM,0.003,0.1
2:56:28 PM,0.003,0.1
2:56:29 PM,0.003,0.1
2:56:30 PM,0.003,0.1
2:56:31 PM,0.003,0.1
2:56:32 PM,0.003,0.1
2:56:33 PM,0.003,0.1
2:56:34 PM,0.003,0.1
2:56:35 PM,0.003,0.1
2:56:36 PM,0.003,0.1
2:56:37 PM,0.003,0.1
2:56:38 PM,0.003,0.1
2:56:39 PM,0.003,0.1
2:56:40 PM,0.003,0.1
2:56:41 PM,0.003,0.1
2:56:42 PM,0.003,0.1
2:56:43 PM,0.003,0.2
2:56:44 PM,0.003,0.1
2:56:45 PM,0.003,0.1
2:56:46 PM,0.003,0.2
2:56:47 PM,0.003,0.1
2:56:48 PM,0.003,0.1
2:56:49 PM,0.003,0.1
2:56:50 PM,0.003,0.1
2:56:51 PM,0.003,0.1
2:56:52 PM,0.0035,0.1
2:56:53 PM,0.003,0.1
2:56:54 PM,0.003,0.1
2:56:55 PM,0.003,0.1
2:56:56 PM,0.003,0.1
2:56:57 PM,0.003,0.1
2:56:58 PM,0.0035,0.1
2:56:59 PM,0.003,0.1
2:57:00 PM,0.0035,0.1
2:57:01 PM,0.003,0.1
2:57:02 PM,0.003,0.1
2:57:03 PM,0.003,0.1
2:57:04 PM,0.003,0.1
2:57:05 PM,0.003,0.1
2:57:06 PM,0.003,0.1
2:57:07 PM,0.003,0.2
2:57:08 PM,0.003,0.1
2:57:09 PM,0.003,0
2:57:10 PM,0.003,0.1
2:57:11 PM,0.003,0.1
2:57:12 PM,0.003,0.1
2:57:13 PM,0.003,0.1
2:57:14 PM,0.003,0.1
2:57:15 PM,0.003,0.1
2:57:16 PM,0.003,0.1
2:57:17 PM,0.003,0
2:57:18 PM,0.003,0.1
2:57:19 PM,11.198,0.1
2:57:20 PM,11.2075,582.6
2:57:21 PM,11.201,583
2:57:22 PM,11.194,581.7
2:57:23 PM,11.1805,581.6
2:57:24 PM,0.003,580.9
2:57:25 PM,0.003,0.6
2:57:26 PM,0.003,0.3
2:57:27 PM,0.0035,0.2
2:57:28 PM,0.003,0.1
2:57:29 PM,0.003,0.1
2:57:30 PM,0.003,0.1
2:57:31 PM,0.0035,0.1
2:57:32 PM,0.0035,0.1
2:57:33 PM,0.003,0.1
2:57:34 PM,0.0035,0.1
2:57:35 PM,0.003,0.1
2:57:36 PM,0.003,0.1
2:57:37 PM,0.003,0.1
2:57:38 PM,0.0035,0.2
2:57:39 PM,0.003,0.1
2:57:40 PM,0.003,0
2:57:41 PM,0.003,0.1
2:57:42 PM,0.0035,0.1
2:57:43 PM,0.003,0.1
2:57:44 PM,0.0035,0.1
2:57:45 PM,0.003,0.1
2:57:46 PM,0.0035,0.1
2:57:47 PM,0.0035,0.1
2:57:48 PM,0.0035,0.1
2:57:49 PM,0.003,0.1
2:57:50 PM,0.003,0.1
2:57:51 PM,0.003,0.1
2:57:52 PM,0.003,0.1
2:57:53 PM,0.003,0.1
2:57:54 PM,0.003,0
2:57:55 PM,0.003,0.1
2:57:56 PM,0.003,0.1
2:57:57 PM,0.0035,0.1
2:57:58 PM,0.003,0.1
2:57:59 PM,0.003,0.1
2:58:00 PM,0.003,0
2:58:01 PM,0.003,0.1
2:58:02 PM,0.003,0.1
2:58:03 PM,0.0035,0.1
2:58:04 PM,0.003,0.1
2:58:05 PM,0.003,0.1
2:58:06 PM,0.003,0.1
2:58:07 PM,0.003,0.1
2:58:08 PM,0.003,0.1
2:58:09 PM,0.003,0.1
2:58:10 PM,0.003,0.1
2:58:11 PM,0.003,0.1
2:58:12 PM,0.003,0.1
2:58:13 PM,0.003,0.1
2:58:14 PM,0.003,0.1
2:58:15 PM,0.003,0.1
2:58:16 PM,0.0035,0.1
2:58:17 PM,0.003,0.1
2:58:18 PM,0.0035,0.1
2:58:19 PM,0.003,0.1
2:58:20 PM,0.0035,0.1
2:58:21 PM,0.003,0.1
2:58:22 PM,0.003,0.1
2:58:23 PM,0.003,0.1
2:58:24 PM,0.003,0.1
2:58:25 PM,0.003,0.1
2:58:26 PM,0.003,0.1
2:58:27 PM,0.0035,0.1
2:58:28 PM,0.0035,0.1
2:58:29 PM,0.003,0.1
2:58:30 PM,0.003,0.1
2:58:31 PM,0.003,0.1
2:58:32 PM,0.003,0.1
2:58:33 PM,0.0035,0.1
2:58:34 PM,0.003,0.1
2:58:35 PM,0.003,0.1
2:58:36 PM,0.003,0.1
2:58:37 PM,0.003,0.1
2:58:38 PM,0.003,0.1
2:58:39 PM,0.003,0.1
2:58:40 PM,0.0035,0.1
2:58:41 PM,0.003,0.1
2:58:42 PM,0.003,0.1
2:58:43 PM,0.003,0.1
2:58:44 PM,0.003,0.1
2:58:45 PM,0.003,0.1
2:58:46 PM,0.003,0.1
2:58:47 PM,0.003,0.1
2:58:48 PM,0.003,0.1
2:58:49 PM,0.003,0.1
2:58:50 PM,0.003,0.1
2:58:51 PM,0.003,0.1
2:58:52 PM,0.003,0.1
2:58:53 PM,0.003,0.1
2:58:54 PM,0.003,0
2:58:55 PM,0.003,0.1
2:58:56 PM,0.003,0.1
2:58:57 PM,0.003,0.1
2:58:58 PM,0.003,0.2
2:58:59 PM,0.003,0.1
2:59:00 PM,0.003,0.1
2:59:01 PM,0.003,0.1
2:59:02 PM,0.003,0.1
2:59:03 PM,0.003,0.1
2:59:04 PM,0.003,0.1
2:59:05 PM,0.003,0.1
2:59:06 PM,0.003,0.1
2:59:07 PM,0.003,0.1
2:59:08 PM,0.003,0.1
2:59:09 PM,0.003,0.1
2:59:10 PM,11.1065,0.1
2:59:11 PM,11.1035,578
2:59:12 PM,11.0905,578.8
2:59:13 PM,11.101,576.8
2:59:14 PM,11.068,575.5
2:59:15 PM,0.003,574.9
2:59:16 PM,0.0035,0.5
2:59:17 PM,0.0035,0.2
2:59:18 PM,0.003,0.1
2:59:19 PM,0.0035,0.2
2:59:20 PM,0.003,0.1
2:59:21 PM,0.003,0.1
2:59:22 PM,0.003,0.1
2:59:23 PM,0.003,0.1
2:59:24 PM,0.003,0.1
2:59:25 PM,0.003,0.1
2:59:26 PM,0.0035,0.1
2:59:27 PM,0.0035,0.1
2:59:28 PM,0.003,0.1
2:59:29 PM,0.003,0.1
2:59:30 PM,0.003,0.1
2:59:31 PM,0.003,0.1
2:59:32 PM,0.0035,0.1
2:59:33 PM,0.003,0.1
2:59:34 PM,0.003,0.1
2:59:35 PM,0.003,0.1
2:59:36 PM,0.003,0.1
2:59:37 PM,0.003,0.1
2:59:38 PM,0.003,0.1
2:59:39 PM,0.003,0.1
2:59:40 PM,0.003,0.1
2:59:41 PM,0.003,0.1
2:59:42 PM,0.003,0.1
2:59:43 PM,0.003,0.2
2:59:44 PM,0.003,0.1
2:59:45 PM,0.0035,0.1
2:59:46 PM,0.0035,0.1
2:59:47 PM,0.0035,0.1
2:59:48 PM,0.003,0.1
2:59:49 PM,0.003,0.1
2:59:50 PM,0.003,0.1
2:59:51 PM,0.003,0.1
2:59:52 PM,0.003,0.1
2:59:53 PM,0.003,0.1
2:59:54 PM,0.003,0.1
2:59:55 PM,0.003,0.1
2:59:56 PM,0.0035,0.1
2:59:57 PM,0.003,0.1
2:59:58 PM,0.003,0.1
2:59:59 PM,0.003,0.2
3:00:00 PM,0.003,0.1
3:00:01 PM,0.003,0.1
3:00:02 PM,0.0035,0.1
3:00:03 PM,0.0035,0.1
3:00:04 PM,0.003,0.1
3:00:05 PM,0.003,0.1
3:00:06 PM,0.003,0.1
3:00:07 PM,0.003,0.1
3:00:08 PM,0.003,0.1
3:00:09 PM,0.003,0.1
3:00:10 PM,0.003,0.1
3:00:11 PM,0.003,0.1
3:00:12 PM,0.003,0.1
3:00:13 PM,0.0035,0.1
3:00:14 PM,0.0035,0.1
3:00:15 PM,0.003,0.1
3:00:16 PM,0.003,0.1
3:00:17 PM,0.003,0.1
3:00:18 PM,0.003,0.1
3:00:19 PM,0.003,0.1
3:00:20 PM,0.0035,0.1
3:00:21 PM,0.0035,0.1
3:00:22 PM,0.0035,0.1
3:00:23 PM,0.003,0.1
3:00:24 PM,0.0035,0.1
3:00:25 PM,0.003,0.1
3:00:26 PM,0.003,0.1
3:00:27 PM,0.003,0.1
3:00:28 PM,0.0035,0.1
3:00:29 PM,0.003,0.1
3:00:30 PM,0.003,0.1
3:00:31 PM,0.003,0.1
3:00:32 PM,0.003,0.1
3:00:33 PM,0.003,0.1
3:00:34 PM,0.003,0.1
3:00:35 PM,0.003,0.1
3:00:36 PM,0.0035,0.1
3:00:37 PM,0.003,0.1
3:00:38 PM,0.0035,0.1
3:00:39 PM,0.003,0.1
3:00:40 PM,0.003,0.1
3:00:41 PM,0.0035,0.1
3:00:42 PM,0.003,0
3:00:43 PM,0.0035,0.1
3:00:44 PM,0.003,0.1
3:00:45 PM,0.003,0
3:00:46 PM,0.003,0
3:00:47 PM,0.0035,0.1
3:00:48 PM,0.003,0.1
3:00:49 PM,0.0035,0.1
3:00:50 PM,0.0035,0.1
3:00:51 PM,0.003,0.1
3:00:52 PM,0.0035,0.1
3:00:53 PM,0.0035,0.1
3:00:54 PM,0.0035,0.1
3:00:55 PM,0.003,0.1